SOURCE_ID,TARGET_TYPE,SOURCE_LAT,SOURCE_LONG,TARGET_ID,TARGET_TYPE,TARGET_LAT,TARGET_LONG,TYPE,RELATION
1,A,35.6814279,139.7671784,1,B,35.6814279,139.7671784,A->B,100
1,A,35.6814279,139.7671784,2,A,35.7140332,139.7770907,A->A,40
2,A,35.7140332,139.7770907,1,A,35.6814279,139.7671784,A->A,20
3,A,35.68964035,139.7005604,1,B,35.6814279,139.7671784,A->B,500
